{"cameraMode":{"drawMode":0,"name":"Shaded","section":"Shading Mode"},"sceneLighting":true,"audioPlay":false,"sceneViewState":{"showFog":true,"showMaterialUpdate":false,"showSkybox":true,"showFlares":true,"showImageEffects":true,"showParticleSystems":true},"in2DMode":false,"pivot":{"x":-34.869998931884769,"y":36.029998779296878,"z":25.030000686645509},"rotation":{"x":0.002764872508123517,"y":0.7045509815216065,"z":-0.7096447944641113,"w":0.0027472320944070818},"size":10.0,"orthographic":false}