{"cameraMode":{"drawMode":0,"name":"Shaded","section":"Shading Mode"},"sceneLighting":true,"audioPlay":false,"sceneViewState":{"showFog":true,"showMaterialUpdate":false,"showSkybox":true,"showFlares":true,"showImageEffects":true,"showParticleSystems":true},"in2DMode":false,"pivot":{"x":246.03228759765626,"y":-367.8732604980469,"z":89.2686538696289},"rotation":{"x":0.31891345977783205,"y":0.6238760948181152,"z":-0.30948787927627566,"w":0.6428788900375366},"size":306.1151123046875,"orthographic":false}